realitytv,reality,tv
publicrelations,public ,relations,relation
climatechange,climate,change,changes
filmfestival,film,festival,films,festivals
realestate,real,estate
democrat,democrat,democrats
musician_singer,musician,singer,musicians,singers
highered,highered
newspaper,newspaper,newspapers
blogs,blogs,blog
jokes,jokes,joke
reporter,reporter,reporters
investor,investor,investors
liberal,liberal,liberals
tvshows_drama_actor_hollywood,tv,shows,drama,actor,hollywood,show,actors
developer,developer,developers
rapper,rapper,rappers
screenwriter,screenwriter,screenwriters
linguistics,linguistics,linguistic
director,director,directors
composer,composer,composers
ceo,ceo
hacking,hacking
magazine,magazine,magazines
html,html
biology,biology
gambling,gambling
skateboarding,skateboarding
buddhism,buddhism
branding,branding
gaming,gaming
multimedia,multimedia
magician,magician,magicians
author,author,authors
basketball,basketball
management,management
baking,baking
finance_economics,finance,economics
mathematics,mathematics
peace,peace
islam,islam
youtube,youtube
neuroscience,neuroscience,neurosciences
drums,drums,drum
wrestling,wrestling
geography,geography
astronomy_physics,astronomy,physics
automotive,automotive
database,database,databases
toys,toys,toy
sociology,sociology
advertising,advertising
piano,piano,pianos
comedy_funny,comedy,funny
humanrights_activism_justice,human,rights,activism,justice,right
cycling,cycling
tech,tech
hospitality,hospitality
philosophy,philosophy
meditation,meditation
politics_news,politics,news
agriculture,agriculture
chemistry,chemistry
baseball,baseball
religion,religion
racing,racing
surfing,surfing
accounting,accounting
sport_football,sport,football
skiing,skiing
nutrition,nutrition
romance,romance
airlines_aviation,airlines,aviation,airline
perl,perl
publishing_literature,publishing,literature
poverty,poverty
teaching,teaching
psychology_mentalhealth,psychology,mental,health
swimming,swimming
children,children
hockey,hockey
lesbian,lesbian
radio,radio
nature,nature
python,python
motorcycle,motorcycle,motorcycles
animation,animation
charity_philanthropy,charity,philanthropy
comics,comics,comic
ruby,ruby
anthropology,anthropology
sustainability_ecology,sustainability,ecology
banking,banking
cinema,cinema,cinemas
engineering,engineering
restaurant_dining,restaurant,dining,restaurants
trading,trading
university,university,universities
parenting,parenting
pregnancy,pregnancy
architecture,architecture
anime,anime
java,java
literacy,literacy
healthcare_medicine,health,care,medicine,medicines
astrology,astrology
writing,writing
vegetarian,vegetarian
climbing,climbing
documentary,documentary,documentaries
tennis,tennis
archaeology,archaeology
rugby,rugby
flash,flash
history,history
outdoors_hiking,outdoors,hiking,outdoor
poker,poker
nursing,nursing
golf,golf
recipes_cooking,recipes,cooking,recipe
career_employment,career,employment
pharma,pharma
weather,weather
poetry,poetry
storage,storage
theatre_theater,theatre,theater,theatres,theaters
sailing,sailing
exercise_fitness,exercise,fitness
running,running
horror,horror
gardening,gardening
php,php
lawyer_legal,lawyer,legal
ipad,ipad
dance,dance
marketing,marketing
construction,construction
dating,dating
dental,dental
guitar,guitar,guitars
genealogy,genealogy
housing,housing
hunting,hunting
linux_opensource,linux,opensource
photography,photography
food_chef,food,chef
homeschool_school,homeschool,school,schools
mac_iphone,mac,iphone
college,college,colleges
fantasy,fantasy
etsy_handmade,etsy,handmade
jewish,jewish
insurance,insurance,insurances
innovation,innovation,innovations
marriage,marriage
beauty_fashion_shopping,beauty,fashion,shopping
army_military_veteran,army,military,veteran,veterans
jazz,jazz
mobile_smartphone,mobile,smartphone,smartphones
beer,beer,beers
fishing,fishing
yoga,yoga
energy,energy
wedding,wedding,weddings
wine,wine
cancer,cancer
