List Name,ID,URI,Person Name,Person Keywords
Nikon Photography,28871109,thepartyphotos/nikon-photography,nikonstuff,Electronics;Consumer Electronics;Cameras;Nikon
Nikon,23022235,jargontalk/nikon,nikonstuff,Electronics;Consumer Electronics;Cameras;Nikon
nikon,6135983,gajaphoto/nikon,nikonstuff,Electronics;Consumer Electronics;Cameras;Nikon
Nikon Related,18902181,photographylee/nikon-related,nikonstuff,Electronics;Consumer Electronics;Cameras;Nikon
Nikon Nerds,15025097,spacemagick/nikon-nerds,nikonstuff,Electronics;Consumer Electronics;Cameras;Nikon
Nikon,41190132,Forestalx/nikon,nikonrumors,Electronics;Consumer Electronics;Cameras;Nikon
nikon,41117937,vchivi/nikon,nikonrumors,Electronics;Consumer Electronics;Cameras;Nikon
Nikon&Photographer,40728238,murakayo/nikon-photographer,nikonrumors,Electronics;Consumer Electronics;Cameras;Nikon
nikon,37387548,ernykahle/nikon,nikonrumors,Electronics;Consumer Electronics;Cameras;Nikon
everything-nikon,36959984,EverythingNikon/everything-nikon,nikonrumors,Electronics;Consumer Electronics;Cameras;Nikon
Nikon,36743556,jacklee_fa18/nikon,nikonrumors,Electronics;Consumer Electronics;Cameras;Nikon
Nikon,36623825,Stauffer_Photo/nikon,nikonrumors,Electronics;Consumer Electronics;Cameras;Nikon
Nikon,35509954,patryce57/nikon,nikonrumors,Electronics;Consumer Electronics;Cameras;Nikon
Nikon,35409730,5D2Team/nikon,nikonrumors,Electronics;Consumer Electronics;Cameras;Nikon
Photography-Nikon D300,21630347,makeupmagic/photography-nikon-d300-3,nikonrumors,Electronics;Consumer Electronics;Cameras;Nikon
nikon rumours,34230270,nasar27/nikon-rumours-5,nikonrumors,Electronics;Consumer Electronics;Cameras;Nikon
Nikon,33600404,elvinej/nikon,nikonrumors,Electronics;Consumer Electronics;Cameras;Nikon
Nikon,32657594,Toey__Sethaput/nikon,nikonrumors,Electronics;Consumer Electronics;Cameras;Nikon
Nikon,31750126,tslider/nikon,nikonrumors,Electronics;Consumer Electronics;Cameras;Nikon
nikon,30832095,dicamera/nikon,nikonrumors,Electronics;Consumer Electronics;Cameras;Nikon
Nikon,30620328,Tanel_P/nikon,nikonrumors,Electronics;Consumer Electronics;Cameras;Nikon
nikon,30449143,mendis25/nikon,nikonrumors,Electronics;Consumer Electronics;Cameras;Nikon
Nikon and photo,30098056,broady964/nikon-and-photo,nikonrumors,Electronics;Consumer Electronics;Cameras;Nikon
Nikon Photography,28871109,thepartyphotos/nikon-photography,nikonrumors,Electronics;Consumer Electronics;Cameras;Nikon
Nikond7000,23015532,peeyushrai/nikond7000,nikonrumors,Electronics;Consumer Electronics;Cameras;Nikon
NIKON,22186151,Inovajems/nikon,nikonrumors,Electronics;Consumer Electronics;Cameras;Nikon
Nikon-shooters,20311833,user47/nikon-shooters,nikonrumors,Electronics;Consumer Electronics;Cameras;Nikon
Nikon,20149477,DigiPhotoWorld/nikon,nikonrumors,Electronics;Consumer Electronics;Cameras;Nikon
Nikon,19443308,goeimuanho/nikon,nikonrumors,Electronics;Consumer Electronics;Cameras;Nikon
nikon,19359214,saways/nikon,nikonrumors,Electronics;Consumer Electronics;Cameras;Nikon
Nikon,17225054,FotoClubLR/nikon,nikonrumors,Electronics;Consumer Electronics;Cameras;Nikon
Nikon Users,16697625,MJHunter/nikon-users,nikonrumors,Electronics;Consumer Electronics;Cameras;Nikon
Nikon,15812546,AndreSeesink/nikon,nikonrumors,Electronics;Consumer Electronics;Cameras;Nikon
Nikon Nerds,15025097,spacemagick/nikon-nerds,nikonrumors,Electronics;Consumer Electronics;Cameras;Nikon
NikonNews,14035334,TDLphoto/nikonnews,nikonrumors,Electronics;Consumer Electronics;Cameras;Nikon
nikon_camera_is_sweet,13154170,greenbiz2/nikon-camera-is-sweet,nikonrumors,Electronics;Consumer Electronics;Cameras;Nikon
Nikon,9531128,p_lawliet/nikon,nikonrumors,Electronics;Consumer Electronics;Cameras;Nikon
Nikon,9457518,FNicholas/nikon,nikonrumors,Electronics;Consumer Electronics;Cameras;Nikon
Nikon Ninjas,8990352,egmeek/nikon-ninjas,nikonrumors,Electronics;Consumer Electronics;Cameras;Nikon
nikon and canon ,8767166,PhotoGear69/nikon-and-canon,nikonrumors,Electronics;Consumer Electronics;Cameras;Nikon
Nikon,8457249,dampphoto/nikon,nikonrumors,Electronics;Consumer Electronics;Cameras;Nikon
nikon-dslr,6893455,RollRollStones/nikon-dslr,nikonrumors,Electronics;Consumer Electronics;Cameras;Nikon
nikon,6135983,gajaphoto/nikon,nikonrumors,Electronics;Consumer Electronics;Cameras;Nikon
nikon,6062048,COVEt001/nikon,nikonrumors,Electronics;Consumer Electronics;Cameras;Nikon
Nikon,1217050,l4hphoto/nikon,nikonrumors,Electronics;Consumer Electronics;Cameras;Nikon
Nikon_Specific,5673927,FlowingPhoto/nikon-specific,nikonrumors,Electronics;Consumer Electronics;Cameras;Nikon
nikon,5336738,soumailaadamou/nikon,nikonrumors,Electronics;Consumer Electronics;Cameras;Nikon
Nikon,4897944,NikonPassion/nikon,nikonrumors,Electronics;Consumer Electronics;Cameras;Nikon
Nikon,4745101,linnanjuhlakuva/nikon,nikonrumors,Electronics;Consumer Electronics;Cameras;Nikon
Nikon,4357914,brentron2000/nikon,nikonrumors,Electronics;Consumer Electronics;Cameras;Nikon
Nikonian ako and others,4336023,junosan/nikonian-ako-and-others,nikonrumors,Electronics;Consumer Electronics;Cameras;Nikon
Nikon,4314619,sergiu_bacioiu/nikon,nikonrumors,Electronics;Consumer Electronics;Cameras;Nikon
NIKON,3840425,sclarsen10/nikon,nikonrumors,Electronics;Consumer Electronics;Cameras;Nikon
Nikon-addicted,3548223,media_digest/nikon-addicted,nikonrumors,Electronics;Consumer Electronics;Cameras;Nikon
Nikon,2904876,bierlaagh/nikon,nikonrumors,Electronics;Consumer Electronics;Cameras;Nikon
NIkonDSLR,2172484,SkyFacet/nikondslr,nikonrumors,Electronics;Consumer Electronics;Cameras;Nikon
Nikon,1939770,kajbonfils/nikon,nikonrumors,Electronics;Consumer Electronics;Cameras;Nikon
Nikon Photographers,1512486,DrMarm/nikon-photographers,nikonrumors,Electronics;Consumer Electronics;Cameras;Nikon
nikon,1344622,jessphotos/nikon,nikonrumors,Electronics;Consumer Electronics;Cameras;Nikon
canonikonrumours,850320,leongraphy/canonikonrumours,nikonrumors,Electronics;Consumer Electronics;Cameras;Nikon
Nikon,41190132,Forestalx/nikon,Nikon_Photo,Electronics;Consumer Electronics;Cameras;Nikon
nikon,41117937,vchivi/nikon,Nikon_Photo,Electronics;Consumer Electronics;Cameras;Nikon
Nikon,40027005,weblint/nikon,Nikon_Photo,Electronics;Consumer Electronics;Cameras;Nikon
everything-nikon,36959984,EverythingNikon/everything-nikon,Nikon_Photo,Electronics;Consumer Electronics;Cameras;Nikon
Nikon,36743556,jacklee_fa18/nikon,Nikon_Photo,Electronics;Consumer Electronics;Cameras;Nikon
Nikon,36623825,Stauffer_Photo/nikon,Nikon_Photo,Electronics;Consumer Electronics;Cameras;Nikon
Nikon,36182045,NicoleHirschPix/nikon,Nikon_Photo,Electronics;Consumer Electronics;Cameras;Nikon
Nikon,35509954,patryce57/nikon,Nikon_Photo,Electronics;Consumer Electronics;Cameras;Nikon
Nikon,35409730,5D2Team/nikon,Nikon_Photo,Electronics;Consumer Electronics;Cameras;Nikon
Nikon,33600404,elvinej/nikon,Nikon_Photo,Electronics;Consumer Electronics;Cameras;Nikon
NIKON,32224287,macmalk/nikon,Nikon_Photo,Electronics;Consumer Electronics;Cameras;Nikon
Nikon,31750126,tslider/nikon,Nikon_Photo,Electronics;Consumer Electronics;Cameras;Nikon
Nikon,31220911,KirAnderson/nikon,Nikon_Photo,Electronics;Consumer Electronics;Cameras;Nikon
nikon,30832095,dicamera/nikon,Nikon_Photo,Electronics;Consumer Electronics;Cameras;Nikon
NIKON,22186151,Inovajems/nikon,Nikon_Photo,Electronics;Consumer Electronics;Cameras;Nikon
Nikon Users,16697625,MJHunter/nikon-users,Nikon_Photo,Electronics;Consumer Electronics;Cameras;Nikon
Nikon Nerds,15025097,spacemagick/nikon-nerds,Nikon_Photo,Electronics;Consumer Electronics;Cameras;Nikon
nikon_camera_is_sweet,13154170,greenbiz2/nikon-camera-is-sweet,Nikon_Photo,Electronics;Consumer Electronics;Cameras;Nikon
NIKON関連,12006313,toshimo1123/nikon,Nikon_Photo,Electronics;Consumer Electronics;Cameras;Nikon
Nikon,9457518,FNicholas/nikon,Nikon_Photo,Electronics;Consumer Electronics;Cameras;Nikon
Nikon Ninjas,8990352,egmeek/nikon-ninjas,Nikon_Photo,Electronics;Consumer Electronics;Cameras;Nikon
nikon and canon ,8767166,PhotoGear69/nikon-and-canon,Nikon_Photo,Electronics;Consumer Electronics;Cameras;Nikon
nikon,6062048,COVEt001/nikon,Nikon_Photo,Electronics;Consumer Electronics;Cameras;Nikon
Nikon,5940159,gosasa/nikon,Nikon_Photo,Electronics;Consumer Electronics;Cameras;Nikon
Nikon,1217050,l4hphoto/nikon,Nikon_Photo,Electronics;Consumer Electronics;Cameras;Nikon
Nikon_Specific,5673927,FlowingPhoto/nikon-specific,Nikon_Photo,Electronics;Consumer Electronics;Cameras;Nikon
Nikon,4897944,NikonPassion/nikon,Nikon_Photo,Electronics;Consumer Electronics;Cameras;Nikon
NIKON STUFF,3859697,jamiejanos/nikon-stuff,Nikon_Photo,Electronics;Consumer Electronics;Cameras;Nikon
Nikon-addicted,3548223,media_digest/nikon-addicted,Nikon_Photo,Electronics;Consumer Electronics;Cameras;Nikon
Nikon,2904876,bierlaagh/nikon,Nikon_Photo,Electronics;Consumer Electronics;Cameras;Nikon
NIkonDSLR,2172484,SkyFacet/nikondslr,Nikon_Photo,Electronics;Consumer Electronics;Cameras;Nikon
Nikon d3000,1525398,estradatenorio/nikon-d3000,Nikon_Photo,Electronics;Consumer Electronics;Cameras;Nikon
Nikon Photographers,1512486,DrMarm/nikon-photographers,Nikon_Photo,Electronics;Consumer Electronics;Cameras;Nikon
Nikon,41190132,Forestalx/nikon,Nikon_USA,Electronics;Consumer Electronics;Cameras;Nikon
nikon,41117937,vchivi/nikon,Nikon_USA,Electronics;Consumer Electronics;Cameras;Nikon
nikon,40335737,alichan17/nikon,Nikon_USA,Electronics;Consumer Electronics;Cameras;Nikon
nikon,37387548,ernykahle/nikon,Nikon_USA,Electronics;Consumer Electronics;Cameras;Nikon
Nikon Related,18902181,photographylee/nikon-related,Nikon_USA,Electronics;Consumer Electronics;Cameras;Nikon
Nikon,35409730,5D2Team/nikon,Nikon_USA,Electronics;Consumer Electronics;Cameras;Nikon
nikon,30832095,dicamera/nikon,Nikon_USA,Electronics;Consumer Electronics;Cameras;Nikon
Nikon,30666576,wiemardo/nikon,Nikon_USA,Electronics;Consumer Electronics;Cameras;Nikon
Photography-Nikon D300,21630347,makeupmagic/photography-nikon-d300-3,Nikon_USA,Electronics;Consumer Electronics;Cameras;Nikon
Nikon,15812546,AndreSeesink/nikon,Nikon_USA,Electronics;Consumer Electronics;Cameras;Nikon
Nikon Shops,22759641,OKEYZN/nikon-shops,Nikon_USA,Electronics;Consumer Electronics;Cameras;Nikon
Nikon,22415079,Garse1/nikon,Nikon_USA,Electronics;Consumer Electronics;Cameras;Nikon
Nikon,20427131,louis993546/nikon,Nikon_USA,Electronics;Consumer Electronics;Cameras;Nikon
NikonNews,14035334,TDLphoto/nikonnews,Nikon_USA,Electronics;Consumer Electronics;Cameras;Nikon
Nikonusa.com,10676750,h54e/nikonusa-com,Nikon_USA,Electronics;Consumer Electronics;Cameras;Nikon
Nikon,9531128,p_lawliet/nikon,Nikon_USA,Electronics;Consumer Electronics;Cameras;Nikon
Nikon,9457518,FNicholas/nikon,Nikon_USA,Electronics;Consumer Electronics;Cameras;Nikon
nikon and canon ,8767166,PhotoGear69/nikon-and-canon,Nikon_USA,Electronics;Consumer Electronics;Cameras;Nikon
nikon,8275068,mojo1647/nikon,Nikon_USA,Electronics;Consumer Electronics;Cameras;Nikon
Nikon,6075062,webmp/nikon,Nikon_USA,Electronics;Consumer Electronics;Cameras;Nikon
learn Nikon Capture nx2,6660104,zee_allen/learn-nikon-capture-nx2,Nikon_USA,Electronics;Consumer Electronics;Cameras;Nikon
Nikon,4897944,NikonPassion/nikon,Nikon_USA,Electronics;Consumer Electronics;Cameras;Nikon
NikonDotCom,6010252,g3duck/nikondotcom,Nikon_USA,Electronics;Consumer Electronics;Cameras;Nikon
Nikon,1217050,l4hphoto/nikon,Nikon_USA,Electronics;Consumer Electronics;Cameras;Nikon
Nikon Photographers,1512486,DrMarm/nikon-photographers,Nikon_USA,Electronics;Consumer Electronics;Cameras;Nikon
nikon,1344622,jessphotos/nikon,Nikon_USA,Electronics;Consumer Electronics;Cameras;Nikon
Nikon,4314619,sergiu_bacioiu/nikon,Nikon_USA,Electronics;Consumer Electronics;Cameras;Nikon
NIKON STUFF,3859697,jamiejanos/nikon-stuff,Nikon_USA,Electronics;Consumer Electronics;Cameras;Nikon
Nikon-addicted,3548223,media_digest/nikon-addicted,Nikon_USA,Electronics;Consumer Electronics;Cameras;Nikon
canonikonrumours,850320,leongraphy/canonikonrumours,Nikon_USA,Electronics;Consumer Electronics;Cameras;Nikon
Nikon Ninjas,8990352,egmeek/nikon-ninjas,mmstud,Electronics;Consumer Electronics;Cameras;Nikon
Nikon,41190132,Forestalx/nikon,NikonPro,Electronics;Consumer Electronics;Cameras;Nikon
nikon,37387548,ernykahle/nikon,NikonPro,Electronics;Consumer Electronics;Cameras;Nikon
everything-nikon,36959984,EverythingNikon/everything-nikon,NikonPro,Electronics;Consumer Electronics;Cameras;Nikon
Nikon,36743556,jacklee_fa18/nikon,NikonPro,Electronics;Consumer Electronics;Cameras;Nikon
Nikon,36623825,Stauffer_Photo/nikon,NikonPro,Electronics;Consumer Electronics;Cameras;Nikon
Nikon,35509954,patryce57/nikon,NikonPro,Electronics;Consumer Electronics;Cameras;Nikon
Nikon,33600404,elvinej/nikon,NikonPro,Electronics;Consumer Electronics;Cameras;Nikon
Nikon,31750126,tslider/nikon,NikonPro,Electronics;Consumer Electronics;Cameras;Nikon
Nikon,31220911,KirAnderson/nikon,NikonPro,Electronics;Consumer Electronics;Cameras;Nikon
Photography-Nikon D300,21630347,makeupmagic/photography-nikon-d300-3,NikonPro,Electronics;Consumer Electronics;Cameras;Nikon
Nikon,25210412,Yolink/nikon,NikonPro,Electronics;Consumer Electronics;Cameras;Nikon
Nikond7000,23015532,peeyushrai/nikond7000,NikonPro,Electronics;Consumer Electronics;Cameras;Nikon
NIKON,22186151,Inovajems/nikon,NikonPro,Electronics;Consumer Electronics;Cameras;Nikon
Nikon,21819779,iamnaveensharma/nikon,NikonPro,Electronics;Consumer Electronics;Cameras;Nikon
Nikon,20149477,DigiPhotoWorld/nikon,NikonPro,Electronics;Consumer Electronics;Cameras;Nikon
nikon,16732585,urbanexplorers1/nikon,NikonPro,Electronics;Consumer Electronics;Cameras;Nikon
Nikon,15812546,AndreSeesink/nikon,NikonPro,Electronics;Consumer Electronics;Cameras;Nikon
nikon_camera_is_sweet,13154170,greenbiz2/nikon-camera-is-sweet,NikonPro,Electronics;Consumer Electronics;Cameras;Nikon
Nikon Ninjas,8990352,egmeek/nikon-ninjas,NikonPro,Electronics;Consumer Electronics;Cameras;Nikon
nikon and canon ,8767166,PhotoGear69/nikon-and-canon,NikonPro,Electronics;Consumer Electronics;Cameras;Nikon
Nikon,8457249,dampphoto/nikon,NikonPro,Electronics;Consumer Electronics;Cameras;Nikon
nikon,6135983,gajaphoto/nikon,NikonPro,Electronics;Consumer Electronics;Cameras;Nikon
nikon,6062048,COVEt001/nikon,NikonPro,Electronics;Consumer Electronics;Cameras;Nikon
Nikon,5940159,gosasa/nikon,NikonPro,Electronics;Consumer Electronics;Cameras;Nikon
Nikon,1217050,l4hphoto/nikon,NikonPro,Electronics;Consumer Electronics;Cameras;Nikon
Nikon_Specific,5673927,FlowingPhoto/nikon-specific,NikonPro,Electronics;Consumer Electronics;Cameras;Nikon
nikon,5336738,soumailaadamou/nikon,NikonPro,Electronics;Consumer Electronics;Cameras;Nikon
Nikon,4897944,NikonPassion/nikon,NikonPro,Electronics;Consumer Electronics;Cameras;Nikon
Nikon,4745101,linnanjuhlakuva/nikon,NikonPro,Electronics;Consumer Electronics;Cameras;Nikon
Nikonian ako and others,4336023,junosan/nikonian-ako-and-others,NikonPro,Electronics;Consumer Electronics;Cameras;Nikon
Nikon-addicted,3548223,media_digest/nikon-addicted,NikonPro,Electronics;Consumer Electronics;Cameras;Nikon
Nikon,2904876,bierlaagh/nikon,NikonPro,Electronics;Consumer Electronics;Cameras;Nikon
NIkonDSLR,2172484,SkyFacet/nikondslr,NikonPro,Electronics;Consumer Electronics;Cameras;Nikon
Nikon Photographers,1512486,DrMarm/nikon-photographers,NikonPro,Electronics;Consumer Electronics;Cameras;Nikon
nikon,1344622,jessphotos/nikon,NikonPro,Electronics;Consumer Electronics;Cameras;Nikon
Nikon,41190132,Forestalx/nikon,nikonfestival,Electronics;Consumer Electronics;Cameras;Nikon
nikon,37387548,ernykahle/nikon,nikonfestival,Electronics;Consumer Electronics;Cameras;Nikon
Nikon,36743556,jacklee_fa18/nikon,nikonfestival,Electronics;Consumer Electronics;Cameras;Nikon
Nikon,36623825,Stauffer_Photo/nikon,nikonfestival,Electronics;Consumer Electronics;Cameras;Nikon
nikon,30832095,dicamera/nikon,nikonfestival,Electronics;Consumer Electronics;Cameras;Nikon
Photography-Nikon D300,21630347,makeupmagic/photography-nikon-d300-3,nikonfestival,Electronics;Consumer Electronics;Cameras;Nikon
Nikon,31750126,tslider/nikon,nikonfestival,Electronics;Consumer Electronics;Cameras;Nikon
Nikon,15812546,AndreSeesink/nikon,nikonfestival,Electronics;Consumer Electronics;Cameras;Nikon
NIKON,22186151,Inovajems/nikon,nikonfestival,Electronics;Consumer Electronics;Cameras;Nikon
Nikon,20427131,louis993546/nikon,nikonfestival,Electronics;Consumer Electronics;Cameras;Nikon
Nikon,17225054,FotoClubLR/nikon,nikonfestival,Electronics;Consumer Electronics;Cameras;Nikon
nikon,16732585,urbanexplorers1/nikon,nikonfestival,Electronics;Consumer Electronics;Cameras;Nikon
Nikon Users,16697625,MJHunter/nikon-users,nikonfestival,Electronics;Consumer Electronics;Cameras;Nikon
nikon_camera_is_sweet,13154170,greenbiz2/nikon-camera-is-sweet,nikonfestival,Electronics;Consumer Electronics;Cameras;Nikon
Nikon Ninjas,8990352,egmeek/nikon-ninjas,nikonfestival,Electronics;Consumer Electronics;Cameras;Nikon
nikon,6062048,COVEt001/nikon,nikonfestival,Electronics;Consumer Electronics;Cameras;Nikon
nikon,1344622,jessphotos/nikon,nikonfestival,Electronics;Consumer Electronics;Cameras;Nikon
Nikon_Specific,5673927,FlowingPhoto/nikon-specific,nikonfestival,Electronics;Consumer Electronics;Cameras;Nikon
nikon,5336738,soumailaadamou/nikon,nikonfestival,Electronics;Consumer Electronics;Cameras;Nikon
Nikon,4897944,NikonPassion/nikon,nikonfestival,Electronics;Consumer Electronics;Cameras;Nikon
NIKON STUFF,3859697,jamiejanos/nikon-stuff,nikonfestival,Electronics;Consumer Electronics;Cameras;Nikon
Nikon Photographers,1512486,DrMarm/nikon-photographers,nikonfestival,Electronics;Consumer Electronics;Cameras;Nikon
Nikon Ninjas,8990352,egmeek/nikon-ninjas,Marci_A_Aurila,Electronics;Consumer Electronics;Cameras;Nikon
Nikon-Users,9383111,nubobo/nikon-users,ezotoma,Electronics;Consumer Electronics;Cameras;Nikon
nikon and canon ,8767166,PhotoGear69/nikon-and-canon,nikon_slr,Electronics;Consumer Electronics;Cameras;Nikon
Nikon,41190132,Forestalx/nikon,nikonnews,Electronics;Consumer Electronics;Cameras;Nikon
everything-nikon,36959984,EverythingNikon/everything-nikon,nikonnews,Electronics;Consumer Electronics;Cameras;Nikon
nikon,30832095,dicamera/nikon,nikonnews,Electronics;Consumer Electronics;Cameras;Nikon
Nikon,36743556,jacklee_fa18/nikon,nikonnews,Electronics;Consumer Electronics;Cameras;Nikon
Nikon,35509954,patryce57/nikon,nikonnews,Electronics;Consumer Electronics;Cameras;Nikon
Nikon,32657594,Toey__Sethaput/nikon,nikonnews,Electronics;Consumer Electronics;Cameras;Nikon
Nikond7000,23015532,peeyushrai/nikond7000,nikonnews,Electronics;Consumer Electronics;Cameras;Nikon
NIKON,22186151,Inovajems/nikon,nikonnews,Electronics;Consumer Electronics;Cameras;Nikon
Nikon,21819779,iamnaveensharma/nikon,nikonnews,Electronics;Consumer Electronics;Cameras;Nikon
Nikon Users,16697625,MJHunter/nikon-users,nikonnews,Electronics;Consumer Electronics;Cameras;Nikon
NIKON関連,12006313,toshimo1123/nikon,nikonnews,Electronics;Consumer Electronics;Cameras;Nikon
Nikon News,11145131,dynainnov/nikon-news,nikonnews,Electronics;Consumer Electronics;Cameras;Nikon
Nikon,9457518,FNicholas/nikon,nikonnews,Electronics;Consumer Electronics;Cameras;Nikon
Nikon Ninjas,8990352,egmeek/nikon-ninjas,nikonnews,Electronics;Consumer Electronics;Cameras;Nikon
nikon,6062048,COVEt001/nikon,nikonnews,Electronics;Consumer Electronics;Cameras;Nikon
Nikon_Specific,5673927,FlowingPhoto/nikon-specific,nikonnews,Electronics;Consumer Electronics;Cameras;Nikon
Nikon,4897944,NikonPassion/nikon,nikonnews,Electronics;Consumer Electronics;Cameras;Nikon
NIKON STUFF,3859697,jamiejanos/nikon-stuff,nikonnews,Electronics;Consumer Electronics;Cameras;Nikon
Nikon,2904876,bierlaagh/nikon,nikonnews,Electronics;Consumer Electronics;Cameras;Nikon
NIkonDSLR,2172484,SkyFacet/nikondslr,nikonnews,Electronics;Consumer Electronics;Cameras;Nikon
Nikon Photographers,1512486,DrMarm/nikon-photographers,nikonnews,Electronics;Consumer Electronics;Cameras;Nikon
Nikon Ninjas,8990352,egmeek/nikon-ninjas,DageoTravelBlog,Electronics;Consumer Electronics;Cameras;Nikon
Nikon Users,16697625,MJHunter/nikon-users,nikonlovers,Electronics;Consumer Electronics;Cameras;Nikon
NIKON関連,12006313,toshimo1123/nikon,nikonlovers,Electronics;Consumer Electronics;Cameras;Nikon
Canonistasynikonistas,6734882,CanonistaAL/canonistasynikonistas,nikonlovers,Electronics;Consumer Electronics;Cameras;Nikon
Nikon,4897944,NikonPassion/nikon,nikonlovers,Electronics;Consumer Electronics;Cameras;Nikon
Nikon_Specific,5673927,FlowingPhoto/nikon-specific,nikonlovers,Electronics;Consumer Electronics;Cameras;Nikon
Nikon,2904876,bierlaagh/nikon,nikonlovers,Electronics;Consumer Electronics;Cameras;Nikon
NIkonDSLR,2172484,SkyFacet/nikondslr,nikonlovers,Electronics;Consumer Electronics;Cameras;Nikon
Nikon Photographers,1512486,DrMarm/nikon-photographers,nikonlovers,Electronics;Consumer Electronics;Cameras;Nikon
nikon_dslr_users,30409490,devtigger/nikon-dslr-users-14,Endorphin999,Electronics;Consumer Electronics;Cameras;Nikon
NikonDslrClub,13290361,SeYoungKang/nikondslrclub,Endorphin999,Electronics;Consumer Electronics;Cameras;Nikon
Nikon,35509954,patryce57/nikon,NikonPassion,Electronics;Consumer Electronics;Cameras;Nikon
NIKON,22186151,Inovajems/nikon,NikonPassion,Electronics;Consumer Electronics;Cameras;Nikon
Nikon Ninjas,8990352,egmeek/nikon-ninjas,NikonPassion,Electronics;Consumer Electronics;Cameras;Nikon
nikonpassion,7452659,NikonPassion/nikonpassion,NikonPassion,Electronics;Consumer Electronics;Cameras;Nikon
nikon,6062048,COVEt001/nikon,NikonPassion,Electronics;Consumer Electronics;Cameras;Nikon
Nikon,4897944,NikonPassion/nikon,NikonPassion,Electronics;Consumer Electronics;Cameras;Nikon
nikon,5927766,critias07/nikon,NikonPassion,Electronics;Consumer Electronics;Cameras;Nikon
nikon passion,4540910,frdebaecker/nikon-passion,NikonPassion,Electronics;Consumer Electronics;Cameras;Nikon
Nikon,2904876,bierlaagh/nikon,NikonPassion,Electronics;Consumer Electronics;Cameras;Nikon
NIkonDSLR,2172484,SkyFacet/nikondslr,NikonPassion,Electronics;Consumer Electronics;Cameras;Nikon
Nikon Photographers,1512486,DrMarm/nikon-photographers,NikonPassion,Electronics;Consumer Electronics;Cameras;Nikon
Nikon,41190132,Forestalx/nikon,NikonCoolpix,Electronics;Consumer Electronics;Cameras;Nikon
everything-nikon,36959984,EverythingNikon/everything-nikon,NikonCoolpix,Electronics;Consumer Electronics;Cameras;Nikon
Nikon coolpix,22596926,lcowley/nikon-coolpix,NikonCoolpix,Electronics;Consumer Electronics;Cameras;Nikon
Nikon Ninjas,8990352,egmeek/nikon-ninjas,NikonCoolpix,Electronics;Consumer Electronics;Cameras;Nikon
Nikon_Specific,5673927,FlowingPhoto/nikon-specific,NikonCoolpix,Electronics;Consumer Electronics;Cameras;Nikon
Nikon,4897944,NikonPassion/nikon,NikonCoolpix,Electronics;Consumer Electronics;Cameras;Nikon
Nikon,2904876,bierlaagh/nikon,NikonCoolpix,Electronics;Consumer Electronics;Cameras;Nikon
Nikon Photographers,1512486,DrMarm/nikon-photographers,NikonCoolpix,Electronics;Consumer Electronics;Cameras;Nikon
NikonCafe,7086260,RECDDesignz/nikoncafe,kensingt0n,Electronics;Consumer Electronics;Cameras;Nikon
Nikon,41190132,Forestalx/nikon,nikon_photo_guy,Electronics;Consumer Electronics;Cameras;Nikon
Nikon,35509954,patryce57/nikon,nikon_photo_guy,Electronics;Consumer Electronics;Cameras;Nikon
Nikon,31220911,KirAnderson/nikon,nikon_photo_guy,Electronics;Consumer Electronics;Cameras;Nikon
NIKON,22186151,Inovajems/nikon,nikon_photo_guy,Electronics;Consumer Electronics;Cameras;Nikon
Nikon Users,16697625,MJHunter/nikon-users,nikon_photo_guy,Electronics;Consumer Electronics;Cameras;Nikon
Nikon Nerds,15025097,spacemagick/nikon-nerds,nikon_photo_guy,Electronics;Consumer Electronics;Cameras;Nikon
nikon_camera_is_sweet,13154170,greenbiz2/nikon-camera-is-sweet,nikon_photo_guy,Electronics;Consumer Electronics;Cameras;Nikon
Nikon Ninjas,8990352,egmeek/nikon-ninjas,nikon_photo_guy,Electronics;Consumer Electronics;Cameras;Nikon
nikon and canon ,8767166,PhotoGear69/nikon-and-canon,nikon_photo_guy,Electronics;Consumer Electronics;Cameras;Nikon
Nikon,8457249,dampphoto/nikon,nikon_photo_guy,Electronics;Consumer Electronics;Cameras;Nikon
nikon,6062048,COVEt001/nikon,nikon_photo_guy,Electronics;Consumer Electronics;Cameras;Nikon
Nikon,5940159,gosasa/nikon,nikon_photo_guy,Electronics;Consumer Electronics;Cameras;Nikon
Nikon_Specific,5673927,FlowingPhoto/nikon-specific,nikon_photo_guy,Electronics;Consumer Electronics;Cameras;Nikon
Nikon,4897944,NikonPassion/nikon,nikon_photo_guy,Electronics;Consumer Electronics;Cameras;Nikon
Nikon,2904876,bierlaagh/nikon,nikon_photo_guy,Electronics;Consumer Electronics;Cameras;Nikon
NIkonDSLR,2172484,SkyFacet/nikondslr,nikon_photo_guy,Electronics;Consumer Electronics;Cameras;Nikon
Nikon Photographers,1512486,DrMarm/nikon-photographers,nikon_photo_guy,Electronics;Consumer Electronics;Cameras;Nikon
Nikon D60,30566241,NikonClubNL/nikon-d60,evr,Electronics;Consumer Electronics;Cameras;Nikon
Nikon D90,30561855,NikonClubNL/nikon-d90,MyNikonLover,Electronics;Consumer Electronics;Cameras;Nikon
Nikon Ninjas,8990352,egmeek/nikon-ninjas,MyNikonLover,Electronics;Consumer Electronics;Cameras;Nikon
nikon and canon ,8767166,PhotoGear69/nikon-and-canon,MyNikonLover,Electronics;Consumer Electronics;Cameras;Nikon
nikon,5336738,soumailaadamou/nikon,MyNikonLover,Electronics;Consumer Electronics;Cameras;Nikon
Nikon,2904876,bierlaagh/nikon,MyNikonLover,Electronics;Consumer Electronics;Cameras;Nikon
Nikon Photographers,1512486,DrMarm/nikon-photographers,MyNikonLover,Electronics;Consumer Electronics;Cameras;Nikon
Nikon-Users,9383111,nubobo/nikon-users,mirakui,Electronics;Consumer Electronics;Cameras;Nikon
pentaxmx,31145945,sweded_june/pentaxmx,nlxon2,Electronics;Consumer Electronics;Cameras;Pentax
Pentax club,25889486,janghui/pentax-club,nlxon2,Electronics;Consumer Electronics;Cameras;Pentax
Pentaxclub*,13509737,MON_NAN/pentaxclub,nlxon2,Electronics;Consumer Electronics;Cameras;Pentax
pentaxclub,14714473,pabburi/pentaxclub,nlxon2,Electronics;Consumer Electronics;Cameras;Pentax
Pentax,15403275,luckykimm/pentax,nlxon2,Electronics;Consumer Electronics;Cameras;Pentax
pentaxclub,13925506,inroh/pentaxclub,nlxon2,Electronics;Consumer Electronics;Cameras;Pentax
Pentaxclub,13369781,aroad1/pentaxclub,nlxon2,Electronics;Consumer Electronics;Cameras;Pentax
Pentax Users,31802841,stephencwilson/pentax-users,PENTAXDACH,Electronics;Consumer Electronics;Cameras;Pentax
pentaxfan,25280436,dhjo/pentaxfan,PENTAXDACH,Electronics;Consumer Electronics;Cameras;Pentax
PENTAXCAMERA,7345357,TamSuz_Hokkaido/pentaxcamera,PENTAXDACH,Electronics;Consumer Electronics;Cameras;Pentax
Pentaxian,797750,matzy/pentaxian,PENTAXDACH,Electronics;Consumer Electronics;Cameras;Pentax
pentax,336017,piroc/pentax,PENTAXDACH,Electronics;Consumer Electronics;Cameras;Pentax
PENTAX,15850029,skoknkok/pentax,MelonAB,Electronics;Consumer Electronics;Cameras;Pentax
pentaxdong,9328880,LewisMin/pentaxdong,MelonAB,Electronics;Consumer Electronics;Cameras;Pentax
pentax,32351365,yoshi_73/pentax,nubobo,Electronics;Consumer Electronics;Cameras;Pentax
PENTAX,20995213,tadasuke/pentax,nubobo,Electronics;Consumer Electronics;Cameras;Pentax
★PENTAX★,30867283,kyk_mocha/pentax,nubobo,Electronics;Consumer Electronics;Cameras;Pentax
PENTAX,26014509,wktk__/pentax,nubobo,Electronics;Consumer Electronics;Cameras;Pentax
PENTAX,24189061,BMWnao/pentax,nubobo,Electronics;Consumer Electronics;Cameras;Pentax
PENTAX,15400298,Wishbone_II/pentax,nubobo,Electronics;Consumer Electronics;Cameras;Pentax
PENTAX,22553425,tnagai2002/pentax,nubobo,Electronics;Consumer Electronics;Cameras;Pentax
PENTAX,17919444,ryon_tw/pentax,nubobo,Electronics;Consumer Electronics;Cameras;Pentax
pentax,19141796,wotonam/pentax,nubobo,Electronics;Consumer Electronics;Cameras;Pentax
pentax-users-2,11962192,nubobo/pentax-users-2,nubobo,Electronics;Consumer Electronics;Cameras;Pentax
pentax-users-1,2268396,nubobo/pentax-users-1,nubobo,Electronics;Consumer Electronics;Cameras;Pentax
PENTAX PEOPLE,6917607,pentaxpeople/pentax-people,nubobo,Electronics;Consumer Electronics;Cameras;Pentax
PENTAX DSLR,6917742,pentaxpeople/pentax-dslr,nubobo,Electronics;Consumer Electronics;Cameras;Pentax
pentax,6796554,detch/pentax,nubobo,Electronics;Consumer Electronics;Cameras;Pentax
PENTAX,3858936,wlks/pentax,nubobo,Electronics;Consumer Electronics;Cameras;Pentax
pentax-user,2888000,yokokick/pentax-user,nubobo,Electronics;Consumer Electronics;Cameras;Pentax
LOVE_PENTAX,1040366,mowsow/love-pentax,nubobo,Electronics;Consumer Electronics;Cameras;Pentax
Pentaxian,797750,matzy/pentaxian,nubobo,Electronics;Consumer Electronics;Cameras;Pentax
PENTAX,540292,HAMACHI/pentax,nubobo,Electronics;Consumer Electronics;Cameras;Pentax
PentaxUser,505170,156gta/pentaxuser,nubobo,Electronics;Consumer Electronics;Cameras;Pentax
pentax,336017,piroc/pentax,nubobo,Electronics;Consumer Electronics;Cameras;Pentax
pentax,6796554,detch/pentax,kitchen_chu,Electronics;Consumer Electronics;Cameras;Pentax
pentax-users-1,2268396,nubobo/pentax-users-1,kitchen_chu,Electronics;Consumer Electronics;Cameras;Pentax
pentaxclub,19016886,alt5713/pentaxclub,bandoche,Electronics;Consumer Electronics;Cameras;Pentax
pentaxclub,14928824,PHOTOARBOR/pentaxclub,bandoche,Electronics;Consumer Electronics;Cameras;Pentax
PENTAX,15850029,skoknkok/pentax,bandoche,Electronics;Consumer Electronics;Cameras;Pentax
pentaxclub,15858129,color_ss/pentaxclub,bandoche,Electronics;Consumer Electronics;Cameras;Pentax
Pentaxian,15248517,chanpyo/pentaxian,bandoche,Electronics;Consumer Electronics;Cameras;Pentax
pentaxclub,14131263,2chang5/pentaxclub,bandoche,Electronics;Consumer Electronics;Cameras;Pentax
pentaxclub,13925506,inroh/pentaxclub,bandoche,Electronics;Consumer Electronics;Cameras;Pentax
Pentaxclub*,13509737,MON_NAN/pentaxclub,bandoche,Electronics;Consumer Electronics;Cameras;Pentax
pentaxclub,13375766,SpringyTree/pentaxclub,bandoche,Electronics;Consumer Electronics;Cameras;Pentax
Pentaxclub,13459224,mesuper/pentaxclub,bandoche,Electronics;Consumer Electronics;Cameras;Pentax
pentaxclub,13452259,bandoche/pentaxclub,bandoche,Electronics;Consumer Electronics;Cameras;Pentax
Pentaxclub,13369781,aroad1/pentaxclub,bandoche,Electronics;Consumer Electronics;Cameras;Pentax
PENTAX,15850029,skoknkok/pentax,dalparan,Electronics;Consumer Electronics;Cameras;Pentax
pentaxdong,9328880,LewisMin/pentaxdong,dalparan,Electronics;Consumer Electronics;Cameras;Pentax
PentaxResources,40720951,jobu415/pentaxresources,pentaxusers,Electronics;Consumer Electronics;Cameras;Pentax
Pentax,40091943,Muhammad_Shafie/pentax,pentaxusers,Electronics;Consumer Electronics;Cameras;Pentax
Pentax Users,31802841,stephencwilson/pentax-users,pentaxusers,Electronics;Consumer Electronics;Cameras;Pentax
Pentax,31495574,mediaslinky/pentax,pentaxusers,Electronics;Consumer Electronics;Cameras;Pentax
Pentax,25631194,abhinav_m/pentax,pentaxusers,Electronics;Consumer Electronics;Cameras;Pentax
pentaxfan,25280436,dhjo/pentaxfan,pentaxusers,Electronics;Consumer Electronics;Cameras;Pentax
pentax user,21869857,BMWnao/pentax-user,pentaxusers,Electronics;Consumer Electronics;Cameras;Pentax
The Pentaxian,21869475,IdealCreator/the-pentaxian,pentaxusers,Electronics;Consumer Electronics;Cameras;Pentax
PENTAX,20995213,tadasuke/pentax,pentaxusers,Electronics;Consumer Electronics;Cameras;Pentax
pentax-users-1,2268396,nubobo/pentax-users-1,pentaxusers,Electronics;Consumer Electronics;Cameras;Pentax
PENTAXCAMERA,7345357,TamSuz_Hokkaido/pentaxcamera,pentaxusers,Electronics;Consumer Electronics;Cameras;Pentax
OlyPentaxPanasonicSony,5675576,FlowingPhoto/olypentaxpanasonicsony,pentaxusers,Electronics;Consumer Electronics;Cameras;Pentax
Pentaxian,797750,matzy/pentaxian,pentaxusers,Electronics;Consumer Electronics;Cameras;Pentax
PentaxUser,505170,156gta/pentaxuser,pentaxusers,Electronics;Consumer Electronics;Cameras;Pentax
pentax,336017,piroc/pentax,pentaxusers,Electronics;Consumer Electronics;Cameras;Pentax
pentaxclub,8166815,limslee/pentaxclub,nuno1008,Electronics;Consumer Electronics;Cameras;Pentax
pentaxclub,14714473,pabburi/pentaxclub,nuno1008,Electronics;Consumer Electronics;Cameras;Pentax
PENTAX,15850029,skoknkok/pentax,nuno1008,Electronics;Consumer Electronics;Cameras;Pentax
pentaxclub,13925506,inroh/pentaxclub,nuno1008,Electronics;Consumer Electronics;Cameras;Pentax
pentaxclub,14131263,2chang5/pentaxclub,nuno1008,Electronics;Consumer Electronics;Cameras;Pentax
pentaxclub,13597252,venomwine/pentaxclub,nuno1008,Electronics;Consumer Electronics;Cameras;Pentax
Pentaxclub*,13509737,MON_NAN/pentaxclub,nuno1008,Electronics;Consumer Electronics;Cameras;Pentax
Pentaxclub,13459224,mesuper/pentaxclub,nuno1008,Electronics;Consumer Electronics;Cameras;Pentax
pentaxclub,13452259,bandoche/pentaxclub,nuno1008,Electronics;Consumer Electronics;Cameras;Pentax
pentaxclub,13375766,SpringyTree/pentaxclub,nuno1008,Electronics;Consumer Electronics;Cameras;Pentax
Pentaxclub,13369781,aroad1/pentaxclub,nuno1008,Electronics;Consumer Electronics;Cameras;Pentax
pentaxdong,9328880,LewisMin/pentaxdong,nuno1008,Electronics;Consumer Electronics;Cameras;Pentax
pentaxdong,9328880,LewisMin/pentaxdong,WONILBAE,Electronics;Consumer Electronics;Cameras;Pentax
pentax,31694010,drpooh72/pentax,SangOGi,Electronics;Consumer Electronics;Cameras;Pentax
Pentax,6905332,coolstarkang/pentax,SangOGi,Electronics;Consumer Electronics;Cameras;Pentax
PENTAX,15850029,skoknkok/pentax,Bambeat,Electronics;Consumer Electronics;Cameras;Pentax
pentaxdong,9328880,LewisMin/pentaxdong,Bambeat,Electronics;Consumer Electronics;Cameras;Pentax
PENTAX,15850029,skoknkok/pentax,yurivaram,Electronics;Consumer Electronics;Cameras;Pentax
pentaxdong,9328880,LewisMin/pentaxdong,yurivaram,Electronics;Consumer Electronics;Cameras;Pentax
pentax,19141796,wotonam/pentax,Dmaniax,Electronics;Consumer Electronics;Cameras;Pentax
pentax-users-1,2268396,nubobo/pentax-users-1,Dmaniax,Electronics;Consumer Electronics;Cameras;Pentax
pentax-users-2,11962192,nubobo/pentax-users-2,katsun55,Electronics;Consumer Electronics;Cameras;Pentax
PENTAX,15850029,skoknkok/pentax,yuridike,Electronics;Consumer Electronics;Cameras;Pentax
pentaxdong,9328880,LewisMin/pentaxdong,yuridike,Electronics;Consumer Electronics;Cameras;Pentax
pentax-users-1,2268396,nubobo/pentax-users-1,satoc,Electronics;Consumer Electronics;Cameras;Pentax
pentax-users-1,2268396,nubobo/pentax-users-1,Ysphoto,Electronics;Consumer Electronics;Cameras;Pentax
pentax,19141796,wotonam/pentax,seibouz,Electronics;Consumer Electronics;Cameras;Pentax
pentax-users-1,2268396,nubobo/pentax-users-1,seibouz,Electronics;Consumer Electronics;Cameras;Pentax
pentaxdong,9328880,LewisMin/pentaxdong,sin4woo,Electronics;Consumer Electronics;Cameras;Pentax
PENTAX,15850029,skoknkok/pentax,pb10005,Electronics;Consumer Electronics;Cameras;Pentax
pentaxclub,13925506,inroh/pentaxclub,pb10005,Electronics;Consumer Electronics;Cameras;Pentax
Pentaxclub,13459224,mesuper/pentaxclub,pb10005,Electronics;Consumer Electronics;Cameras;Pentax
Pentaxclub,13369781,aroad1/pentaxclub,pb10005,Electronics;Consumer Electronics;Cameras;Pentax
pentaxclub,13452259,bandoche/pentaxclub,pb10005,Electronics;Consumer Electronics;Cameras;Pentax
pentaxdong,9328880,LewisMin/pentaxdong,pb10005,Electronics;Consumer Electronics;Cameras;Pentax
pentax-user,2888000,yokokick/pentax-user,acave,Electronics;Consumer Electronics;Cameras;Pentax
pentax-users-1,2268396,nubobo/pentax-users-1,acave,Electronics;Consumer Electronics;Cameras;Pentax
pentax-users-1,2268396,nubobo/pentax-users-1,sugi69,Electronics;Consumer Electronics;Cameras;Pentax
pentax-users-1,2268396,nubobo/pentax-users-1,NEOspriggans,Electronics;Consumer Electronics;Cameras;Pentax
pentaxclub,13452259,bandoche/pentaxclub,gosoost,Electronics;Consumer Electronics;Cameras;Pentax
pentaxdong,9328880,LewisMin/pentaxdong,gosoost,Electronics;Consumer Electronics;Cameras;Pentax
pentaxdong,9328880,LewisMin/pentaxdong,mmoorish,Electronics;Consumer Electronics;Cameras;Pentax
PENTAX,15850029,skoknkok/pentax,happymily_kr,Electronics;Consumer Electronics;Cameras;Pentax
pentaxclub,13452259,bandoche/pentaxclub,happymily_kr,Electronics;Consumer Electronics;Cameras;Pentax
pentaxclub,13925506,inroh/pentaxclub,happymily_kr,Electronics;Consumer Electronics;Cameras;Pentax
Pentaxclub,13369781,aroad1/pentaxclub,happymily_kr,Electronics;Consumer Electronics;Cameras;Pentax
Pentaxclub,13459224,mesuper/pentaxclub,happymily_kr,Electronics;Consumer Electronics;Cameras;Pentax
pentaxdong,9328880,LewisMin/pentaxdong,nisus97,Electronics;Consumer Electronics;Cameras;Pentax
Pentaxian,797750,matzy/pentaxian,boss_5th,Electronics;Consumer Electronics;Cameras;Pentax
pentax-users-1,2268396,nubobo/pentax-users-1,boss_5th,Electronics;Consumer Electronics;Cameras;Pentax
pentax-users-1,2268396,nubobo/pentax-users-1,wadahidekatsu,Electronics;Consumer Electronics;Cameras;Pentax
PENTAX,3858936,wlks/pentax,wadahidekatsu,Electronics;Consumer Electronics;Cameras;Pentax
PENTAX,15850029,skoknkok/pentax,Genius57,Electronics;Consumer Electronics;Cameras;Pentax
pentaxdong,9328880,LewisMin/pentaxdong,Genius57,Electronics;Consumer Electronics;Cameras;Pentax
pentax-users-1,2268396,nubobo/pentax-users-1,N_PULSE,Electronics;Consumer Electronics;Cameras;Pentax
pentax-users-1,2268396,nubobo/pentax-users-1,ales_tw,Electronics;Consumer Electronics;Cameras;Pentax
pentax-users-2,11962192,nubobo/pentax-users-2,wktk__,Electronics;Consumer Electronics;Cameras;Pentax
pentax,19141796,wotonam/pentax,kayakaya,Electronics;Consumer Electronics;Cameras;Pentax
pentax-users-1,2268396,nubobo/pentax-users-1,kayakaya,Electronics;Consumer Electronics;Cameras;Pentax
PENTAX K-5,25112972,HotTunaSandwich/pentax-k-5,syokato1017,Electronics;Consumer Electronics;Cameras;Pentax
pentax-users-2,11962192,nubobo/pentax-users-2,syokato1017,Electronics;Consumer Electronics;Cameras;Pentax
PENTAX,15850029,skoknkok/pentax,jin_persona,Electronics;Consumer Electronics;Cameras;Pentax
PENTAX,22553425,tnagai2002/pentax,kiai777,Electronics;Consumer Electronics;Cameras;Pentax
pentax,6796554,detch/pentax,kiai777,Electronics;Consumer Electronics;Cameras;Pentax
pentax-users-1,2268396,nubobo/pentax-users-1,kiai777,Electronics;Consumer Electronics;Cameras;Pentax
pentax-users-2,11962192,nubobo/pentax-users-2,rurizo,Electronics;Consumer Electronics;Cameras;Pentax
pentax-users-2,11962192,nubobo/pentax-users-2,tmaqua2005,Electronics;Consumer Electronics;Cameras;Pentax
pentax-users-1,2268396,nubobo/pentax-users-1,miuko_,Electronics;Consumer Electronics;Cameras;Pentax
pentax-users-1,2268396,nubobo/pentax-users-1,38_tomo,Electronics;Consumer Electronics;Cameras;Pentax
pentax-users-2,11962192,nubobo/pentax-users-2,zeark969,Electronics;Consumer Electronics;Cameras;Pentax
PENTAX,15850029,skoknkok/pentax,sephiros07,Electronics;Consumer Electronics;Cameras;Pentax
pentaxdong,9328880,LewisMin/pentaxdong,sephiros07,Electronics;Consumer Electronics;Cameras;Pentax
pentax-users-1,2268396,nubobo/pentax-users-1,kohntobi,Electronics;Consumer Electronics;Cameras;Pentax
pentax,6796554,detch/pentax,noja00,Electronics;Consumer Electronics;Cameras;Pentax
pentax-users-1,2268396,nubobo/pentax-users-1,noja00,Electronics;Consumer Electronics;Cameras;Pentax
pentax-users-1,2268396,nubobo/pentax-users-1,enso,Electronics;Consumer Electronics;Cameras;Pentax
pentax-users-1,2268396,nubobo/pentax-users-1,apple_lomo,Electronics;Consumer Electronics;Cameras;Pentax
pentaxclub,14928824,PHOTOARBOR/pentaxclub,luxmandoo,Electronics;Consumer Electronics;Cameras;Pentax
Pentaxclub*,13509737,MON_NAN/pentaxclub,luxmandoo,Electronics;Consumer Electronics;Cameras;Pentax
PENTAX,15850029,skoknkok/pentax,luxmandoo,Electronics;Consumer Electronics;Cameras;Pentax
pentaxclub,13925506,inroh/pentaxclub,luxmandoo,Electronics;Consumer Electronics;Cameras;Pentax
Pentaxclub,13459224,mesuper/pentaxclub,luxmandoo,Electronics;Consumer Electronics;Cameras;Pentax
Pentaxclub,13369781,aroad1/pentaxclub,luxmandoo,Electronics;Consumer Electronics;Cameras;Pentax
pentaxclub,13452259,bandoche/pentaxclub,luxmandoo,Electronics;Consumer Electronics;Cameras;Pentax
pentaxdong,9328880,LewisMin/pentaxdong,luxmandoo,Electronics;Consumer Electronics;Cameras;Pentax
PENTAX,15850029,skoknkok/pentax,_pskim,Electronics;Consumer Electronics;Cameras;Pentax
PENTAX,22553425,tnagai2002/pentax,penta86x,Electronics;Consumer Electronics;Cameras;Pentax
pentax-users-1,2268396,nubobo/pentax-users-1,penta86x,Electronics;Consumer Electronics;Cameras;Pentax
PENTAX,19664609,yksk/pentax,fumi___,Electronics;Consumer Electronics;Cameras;Pentax
pentax-users-2,11962192,nubobo/pentax-users-2,fumi___,Electronics;Consumer Electronics;Cameras;Pentax
Pentax club,25889486,janghui/pentax-club,inroh,Electronics;Consumer Electronics;Cameras;Pentax
Pentax,6905332,coolstarkang/pentax,inroh,Electronics;Consumer Electronics;Cameras;Pentax
pentaxclub,14714473,pabburi/pentaxclub,inroh,Electronics;Consumer Electronics;Cameras;Pentax
pentaxclub,15858129,color_ss/pentaxclub,inroh,Electronics;Consumer Electronics;Cameras;Pentax
pentaxclub,8166815,limslee/pentaxclub,inroh,Electronics;Consumer Electronics;Cameras;Pentax
PENTAX,15850029,skoknkok/pentax,inroh,Electronics;Consumer Electronics;Cameras;Pentax
Pentaxian,15248517,chanpyo/pentaxian,inroh,Electronics;Consumer Electronics;Cameras;Pentax
pentaxdong,9328880,LewisMin/pentaxdong,inroh,Electronics;Consumer Electronics;Cameras;Pentax
pentaxclub,13597252,venomwine/pentaxclub,inroh,Electronics;Consumer Electronics;Cameras;Pentax
Pentaxclub,13459224,mesuper/pentaxclub,inroh,Electronics;Consumer Electronics;Cameras;Pentax
Pentaxclub,13369781,aroad1/pentaxclub,inroh,Electronics;Consumer Electronics;Cameras;Pentax
pentaxclub,13452259,bandoche/pentaxclub,inroh,Electronics;Consumer Electronics;Cameras;Pentax
pentaxclub,13925506,inroh/pentaxclub,coolstarkang,Electronics;Consumer Electronics;Cameras;Pentax
pentaxian,5676390,HoyA_G/pentaxian,coolstarkang,Electronics;Consumer Electronics;Cameras;Pentax
PENTAX,3858936,wlks/pentax,h2corp,Electronics;Consumer Electronics;Cameras;Pentax
PENTAX FILM,6918835,pentaxpeople/pentax-film,h2corp,Electronics;Consumer Electronics;Cameras;Pentax
PENTAX DSLR,6917742,pentaxpeople/pentax-dslr,h2corp,Electronics;Consumer Electronics;Cameras;Pentax
PENTAX PEOPLE,6917607,pentaxpeople/pentax-people,h2corp,Electronics;Consumer Electronics;Cameras;Pentax
pentax-users-1,2268396,nubobo/pentax-users-1,h2corp,Electronics;Consumer Electronics;Cameras;Pentax
pentax-users-2,11962192,nubobo/pentax-users-2,m_rabbit,Electronics;Consumer Electronics;Cameras;Pentax
OLYMPUS STYLUS TOUGH 6000,19546921,Benkessler5713/olympus-stylus-tough-6000-2,getolympus,Electronics;Consumer Electronics;Cameras;Olympus
OLYMPUS STYLUS TOUGH 6000,19546913,Benkessler5713/olympus-stylus-tough-6000,getolympus,Electronics;Consumer Electronics;Cameras;Olympus
OLYMPUS N SMUGS,12351014,NorthernHorse/olympus-n-smugs,getolympus,Electronics;Consumer Electronics;Cameras;Olympus
Olympus,4618770,jimharper/olympus,getolympus,Electronics;Consumer Electronics;Cameras;Olympus
olympus,3833873,Sam_OF/olympus,getolympus,Electronics;Consumer Electronics;Cameras;Olympus
robs Olympus,3215090,robertwatcher/robs-olympus,getolympus,Electronics;Consumer Electronics;Cameras;Olympus
Olympus,3201027,jacqui_OF/olympus,getolympus,Electronics;Consumer Electronics;Cameras;Olympus
Olympus,3197662,OlympusFellows/olympus,getolympus,Electronics;Consumer Electronics;Cameras;Olympus
Olympus,1701770,Ivan_Gomez/olympus,getolympus,Electronics;Consumer Electronics;Cameras;Olympus
olympus,23118565,jijonghwan/olympus,kbhan21,Electronics;Consumer Electronics;Cameras;Olympus
olympus,23118565,jijonghwan/olympus,harusworld,Electronics;Consumer Electronics;Cameras;Olympus
Olympus,14453820,nyaongnet/olympus,harusworld,Electronics;Consumer Electronics;Cameras;Olympus
olympus,23118565,jijonghwan/olympus,nyaongnet,Electronics;Consumer Electronics;Cameras;Olympus
Olympus,14453820,nyaongnet/olympus,nyaongnet,Electronics;Consumer Electronics;Cameras;Olympus
olympus-usopenseries,19603845,usopen/olympus-usopenseries,MercuryInsOpen,Electronics;Consumer Electronics;Cameras;Olympus
Olympus-Users,9422853,nubobo/olympus-users,gami,Electronics;Consumer Electronics;Cameras;Olympus
robs Olympus,3215090,robertwatcher/robs-olympus,robertwatcher,Electronics;Consumer Electronics;Cameras;Olympus
Olympus-Users,9422853,nubobo/olympus-users,k0810h,Electronics;Consumer Electronics;Cameras;Olympus
olympus,23118565,jijonghwan/olympus,bboglebebe,Electronics;Consumer Electronics;Cameras;Olympus
Olympus,14453820,nyaongnet/olympus,bboglebebe,Electronics;Consumer Electronics;Cameras;Olympus
Olympusfourthirds,9030994,getolympus/olympusfourthirds,NorthernHorse,Electronics;Consumer Electronics;Cameras;Olympus
olympus,23118565,jijonghwan/olympus,esun14,Electronics;Consumer Electronics;Cameras;Olympus
Olympus,14453820,nyaongnet/olympus,esun14,Electronics;Consumer Electronics;Cameras;Olympus
olympus,23118565,jijonghwan/olympus,Nyangmong,Electronics;Consumer Electronics;Cameras;Olympus
Olympus,14453820,nyaongnet/olympus,Nyangmong,Electronics;Consumer Electronics;Cameras;Olympus
olympus,23118565,jijonghwan/olympus,dmTmr,Electronics;Consumer Electronics;Cameras;Olympus
Olympus,14453820,nyaongnet/olympus,dmTmr,Electronics;Consumer Electronics;Cameras;Olympus
Olympus-Users,9422853,nubobo/olympus-users,Bryankn,Electronics;Consumer Electronics;Cameras;Olympus
Team Kodak,33127606,jshuey/team-kodak,kodakCB,Electronics;Consumer Electronics;Cameras;Kodak
kodak ces 2011,33058854,miketest29/kodak-ces-2011-2,kodakCB,Electronics;Consumer Electronics;Cameras;Kodak
kodak,25826890,lucyporter/kodak,kodakCB,Electronics;Consumer Electronics;Cameras;Kodak
Kodak,12126167,LizDonaldson/kodak,kodakCB,Electronics;Consumer Electronics;Cameras;Kodak
Kodak,21543214,aaryaan/kodak,kodakCB,Electronics;Consumer Electronics;Cameras;Kodak
kodakbustour,18312031,kodakCB/kodakbustour,kodakCB,Electronics;Consumer Electronics;Cameras;Kodak
ALL_Kodak,17485641,KODAK_Latino/all-kodak,kodakCB,Electronics;Consumer Electronics;Cameras;Kodak
Kodak,14044982,jrhose/kodak,kodakCB,Electronics;Consumer Electronics;Cameras;Kodak
Kodak Tweets,9818585,KodakCL/kodak-tweets,kodakCB,Electronics;Consumer Electronics;Cameras;Kodak
Kodak,8978497,Janina_Benz/kodak,kodakCB,Electronics;Consumer Electronics;Cameras;Kodak
kodak,8542597,fishmanaf/kodak,kodakCB,Electronics;Consumer Electronics;Cameras;Kodak
Kodak,6834441,KodakEvents/kodak,kodakCB,Electronics;Consumer Electronics;Cameras;Kodak
Kodak,6730728,JKais28/kodak,kodakCB,Electronics;Consumer Electronics;Cameras;Kodak
Kodak-people,1636748,Kodak_DE/kodak-people,tostina,Electronics;Consumer Electronics;Cameras;Kodak
KodakPeeps,1997863,Susan_P/kodakpeeps,tostina,Electronics;Consumer Electronics;Cameras;Kodak
Kodak,6834441,KodakEvents/kodak,tostina,Electronics;Consumer Electronics;Cameras;Kodak
Kodak,6730728,JKais28/kodak,tostina,Electronics;Consumer Electronics;Cameras;Kodak
KodakTweeps,1795189,TomHoehn/kodaktweeps,tostina,Electronics;Consumer Electronics;Cameras;Kodak
kodak,1820863,glennlamming/kodak,tostina,Electronics;Consumer Electronics;Cameras;Kodak
kodak,35612600,riteshritzen/kodak,KodakDeals,Electronics;Consumer Electronics;Cameras;Kodak
Team Kodak,33127606,jshuey/team-kodak,KodakDeals,Electronics;Consumer Electronics;Cameras;Kodak
ALL_Kodak,17485641,KODAK_Latino/all-kodak,KodakDeals,Electronics;Consumer Electronics;Cameras;Kodak
Kodak,14044982,jrhose/kodak,KodakDeals,Electronics;Consumer Electronics;Cameras;Kodak
Kodak,12126167,LizDonaldson/kodak,KodakDeals,Electronics;Consumer Electronics;Cameras;Kodak
Kodak,6834441,KodakEvents/kodak,KodakDeals,Electronics;Consumer Electronics;Cameras;Kodak
KodakTweeps,1795189,TomHoehn/kodaktweeps,KodakDeals,Electronics;Consumer Electronics;Cameras;Kodak
Kodak,4197424,KodakPrinters/kodak,KodakDeals,Electronics;Consumer Electronics;Cameras;Kodak
Kodak,2175730,tostina/kodak,KodakDeals,Electronics;Consumer Electronics;Cameras;Kodak
Kodak-people,1636748,Kodak_DE/kodak-people,KodakDeals,Electronics;Consumer Electronics;Cameras;Kodak
Kodak on Twitter,88650,kodakCB/kodak-on-twitter,KodakDeals,Electronics;Consumer Electronics;Cameras;Kodak
Kodak Twitterers,19477,kodakChallenge/kodak-twitterers,KodakDeals,Electronics;Consumer Electronics;Cameras;Kodak
ALL_Kodak,17485641,KODAK_Latino/all-kodak,Kodak_DE,Electronics;Consumer Electronics;Cameras;Kodak
Kodak,8978497,Janina_Benz/kodak,Kodak_DE,Electronics;Consumer Electronics;Cameras;Kodak
Kodak,6834441,KodakEvents/kodak,Kodak_DE,Electronics;Consumer Electronics;Cameras;Kodak
Kodak on Twitter,88650,kodakCB/kodak-on-twitter,Kodak_DE,Electronics;Consumer Electronics;Cameras;Kodak
Kodak,4197424,KodakPrinters/kodak,Kodak_DE,Electronics;Consumer Electronics;Cameras;Kodak
kodak,1820863,glennlamming/kodak,Kodak_DE,Electronics;Consumer Electronics;Cameras;Kodak
Kodak,2175730,tostina/kodak,Kodak_DE,Electronics;Consumer Electronics;Cameras;Kodak
kodak,1865735,GalleryExposure/kodak,Kodak_DE,Electronics;Consumer Electronics;Cameras;Kodak
Kodak Twitterers,19477,kodakChallenge/kodak-twitterers,Kodak_DE,Electronics;Consumer Electronics;Cameras;Kodak
Kodak Data-Driven,1797573,PatMcGrew/kodak-data-driven,Kodak_DE,Electronics;Consumer Electronics;Cameras;Kodak
KodakTweeps,1795189,TomHoehn/kodaktweeps,Kodak_DE,Electronics;Consumer Electronics;Cameras;Kodak
Team Kodak,33127606,jshuey/team-kodak,TomHoehn,Electronics;Consumer Electronics;Cameras;Kodak
kodak,21936693,radioboutros/kodak,TomHoehn,Electronics;Consumer Electronics;Cameras;Kodak
ALL_Kodak,17485641,KODAK_Latino/all-kodak,TomHoehn,Electronics;Consumer Electronics;Cameras;Kodak
Kodak,6834441,KodakEvents/kodak,TomHoehn,Electronics;Consumer Electronics;Cameras;Kodak
KodakPeeps,1997863,Susan_P/kodakpeeps,TomHoehn,Electronics;Consumer Electronics;Cameras;Kodak
Kodak,4197424,KodakPrinters/kodak,TomHoehn,Electronics;Consumer Electronics;Cameras;Kodak
kodak,1820863,glennlamming/kodak,TomHoehn,Electronics;Consumer Electronics;Cameras;Kodak
kodak,1865735,GalleryExposure/kodak,TomHoehn,Electronics;Consumer Electronics;Cameras;Kodak
Kodak-people,1636748,Kodak_DE/kodak-people,TomHoehn,Electronics;Consumer Electronics;Cameras;Kodak
Team Kodak,33127606,jshuey/team-kodak,kodakChallenge,Electronics;Consumer Electronics;Cameras;Kodak
ALL_Kodak,17485641,KODAK_Latino/all-kodak,kodakChallenge,Electronics;Consumer Electronics;Cameras;Kodak
Kodak,6834441,KodakEvents/kodak,kodakChallenge,Electronics;Consumer Electronics;Cameras;Kodak
Kodak,8978497,Janina_Benz/kodak,kodakChallenge,Electronics;Consumer Electronics;Cameras;Kodak
Kodak,6730728,JKais28/kodak,kodakChallenge,Electronics;Consumer Electronics;Cameras;Kodak
KodakTweeps,1795189,TomHoehn/kodaktweeps,kodakChallenge,Electronics;Consumer Electronics;Cameras;Kodak
Kodak,4197424,KodakPrinters/kodak,kodakChallenge,Electronics;Consumer Electronics;Cameras;Kodak
KodakPeeps,1997863,Susan_P/kodakpeeps,kodakChallenge,Electronics;Consumer Electronics;Cameras;Kodak
kodak,1865735,GalleryExposure/kodak,kodakChallenge,Electronics;Consumer Electronics;Cameras;Kodak
Kodak-people,1636748,Kodak_DE/kodak-people,kodakChallenge,Electronics;Consumer Electronics;Cameras;Kodak
Kodak on Twitter,88650,kodakCB/kodak-on-twitter,kodakChallenge,Electronics;Consumer Electronics;Cameras;Kodak
Kodak,12126167,LizDonaldson/kodak,MaryIrene,Electronics;Consumer Electronics;Cameras;Kodak
Kodak,4197424,KodakPrinters/kodak,MaryIrene,Electronics;Consumer Electronics;Cameras;Kodak
Kodak,6834441,KodakEvents/kodak,MaryIrene,Electronics;Consumer Electronics;Cameras;Kodak
KodakTweeps,1795189,TomHoehn/kodaktweeps,MaryIrene,Electronics;Consumer Electronics;Cameras;Kodak
kodak,1820863,glennlamming/kodak,MaryIrene,Electronics;Consumer Electronics;Cameras;Kodak
kodak,25826890,lucyporter/kodak,Kodak_AU,Electronics;Consumer Electronics;Cameras;Kodak
ALL_Kodak,17485641,KODAK_Latino/all-kodak,Kodak_AU,Electronics;Consumer Electronics;Cameras;Kodak
KodakTweeps,1795189,TomHoehn/kodaktweeps,Kodak_AU,Electronics;Consumer Electronics;Cameras;Kodak
Kodak on Twitter,88650,kodakCB/kodak-on-twitter,Kodak_AU,Electronics;Consumer Electronics;Cameras;Kodak
Kodak-people,1636748,Kodak_DE/kodak-people,Kodak_AU,Electronics;Consumer Electronics;Cameras;Kodak
Kodak,2175730,tostina/kodak,KodakMe,Electronics;Consumer Electronics;Cameras;Kodak
Kodak,4197424,KodakPrinters/kodak,KodakMe,Electronics;Consumer Electronics;Cameras;Kodak
Kodak on Twitter,88650,kodakCB/kodak-on-twitter,KodakMe,Electronics;Consumer Electronics;Cameras;Kodak
Kodak-people,1636748,Kodak_DE/kodak-people,KodakMe,Electronics;Consumer Electronics;Cameras;Kodak
kodak,1820863,glennlamming/kodak,patricialipari,Electronics;Consumer Electronics;Cameras;Kodak
Kodak,2175730,tostina/kodak,kristagleason,Electronics;Consumer Electronics;Cameras;Kodak
Kodak,4197424,KodakPrinters/kodak,jonathanghent,Electronics;Consumer Electronics;Cameras;Kodak
kodak,1820863,glennlamming/kodak,RalfWJWerner,Electronics;Consumer Electronics;Cameras;Kodak
Kodak-people,1636748,Kodak_DE/kodak-people,RalfWJWerner,Electronics;Consumer Electronics;Cameras;Kodak
KodakTweeps,1795189,TomHoehn/kodaktweeps,KodakConnect,Electronics;Consumer Electronics;Cameras;Kodak
Kodak,4197424,KodakPrinters/kodak,KodakConnect,Electronics;Consumer Electronics;Cameras;Kodak
Kodak,2175730,tostina/kodak,KodakConnect,Electronics;Consumer Electronics;Cameras;Kodak
KodakPeeps,1997863,Susan_P/kodakpeeps,KodakConnect,Electronics;Consumer Electronics;Cameras;Kodak
kodak,1865735,GalleryExposure/kodak,KodakConnect,Electronics;Consumer Electronics;Cameras;Kodak
Kodak-people,1636748,Kodak_DE/kodak-people,KodakConnect,Electronics;Consumer Electronics;Cameras;Kodak
Kodak on Twitter,88650,kodakCB/kodak-on-twitter,KodakConnect,Electronics;Consumer Electronics;Cameras;Kodak
Kodak Twitterers,19477,kodakChallenge/kodak-twitterers,KodakConnect,Electronics;Consumer Electronics;Cameras;Kodak
kodak,1820863,glennlamming/kodak,craigmcg,Electronics;Consumer Electronics;Cameras;Kodak
kodak,25826890,lucyporter/kodak,KodakCL,Electronics;Consumer Electronics;Cameras;Kodak
kodak,21936693,radioboutros/kodak,KodakCL,Electronics;Consumer Electronics;Cameras;Kodak
ALL_Kodak,17485641,KODAK_Latino/all-kodak,KodakCL,Electronics;Consumer Electronics;Cameras;Kodak
Kodak-people,1636748,Kodak_DE/kodak-people,KodakCL,Electronics;Consumer Electronics;Cameras;Kodak
Kodak,4197424,KodakPrinters/kodak,KodakCL,Electronics;Consumer Electronics;Cameras;Kodak
KodakTweeps,1795189,TomHoehn/kodaktweeps,KodakCL,Electronics;Consumer Electronics;Cameras;Kodak
Kodak,6834441,KodakEvents/kodak,KodakCL,Electronics;Consumer Electronics;Cameras;Kodak
Kodak,2175730,tostina/kodak,KodakCL,Electronics;Consumer Electronics;Cameras;Kodak
Kodak on Twitter,88650,kodakCB/kodak-on-twitter,KodakCL,Electronics;Consumer Electronics;Cameras;Kodak
Kodak-people,1636748,Kodak_DE/kodak-people,annturner,Electronics;Consumer Electronics;Cameras;Kodak
Kodak,2175730,tostina/kodak,annturner,Electronics;Consumer Electronics;Cameras;Kodak
KodakTweeps,1795189,TomHoehn/kodaktweeps,annturner,Electronics;Consumer Electronics;Cameras;Kodak
Kodak on Twitter,88650,kodakCB/kodak-on-twitter,PlatesAreUs,Electronics;Consumer Electronics;Cameras;Kodak
Kodak-people,1636748,Kodak_DE/kodak-people,MicheleRicks,Electronics;Consumer Electronics;Cameras;Kodak
KodakTweeps,1795189,TomHoehn/kodaktweeps,MicheleRicks,Electronics;Consumer Electronics;Cameras;Kodak
Kodak-people,1636748,Kodak_DE/kodak-people,Kodak_NL,Electronics;Consumer Electronics;Cameras;Kodak
Kodak,2175730,tostina/kodak,Kodak_NL,Electronics;Consumer Electronics;Cameras;Kodak
KodakTweeps,1795189,TomHoehn/kodaktweeps,Kodak_NL,Electronics;Consumer Electronics;Cameras;Kodak
Kodak on Twitter,88650,kodakCB/kodak-on-twitter,Kodak_NL,Electronics;Consumer Electronics;Cameras;Kodak
KodakTweeps,1795189,TomHoehn/kodaktweeps,KODAK_Latino,Electronics;Consumer Electronics;Cameras;Kodak
Kodak,6834441,KodakEvents/kodak,KODAK_Latino,Electronics;Consumer Electronics;Cameras;Kodak
Kodak on Twitter,88650,kodakCB/kodak-on-twitter,KODAK_Latino,Electronics;Consumer Electronics;Cameras;Kodak
Kodak-people,1636748,Kodak_DE/kodak-people,KODAK_Latino,Electronics;Consumer Electronics;Cameras;Kodak
kodak,1820863,glennlamming/kodak,KodakLounge,Electronics;Consumer Electronics;Cameras;Kodak
KodakPeeps,1997863,Susan_P/kodakpeeps,KodakLounge,Electronics;Consumer Electronics;Cameras;Kodak
canon,41019467,Auseize/canon,Canon_Camera,Electronics;Consumer Electronics;Cameras;Canon
Canon,40387148,Hotlavalens/canon,Canon_Camera,Electronics;Consumer Electronics;Cameras;Canon
Canon Digital Camers,37545410,eslam_hosny/canon-digital-camers,Canon_Camera,Electronics;Consumer Electronics;Cameras;Canon
Canon,35409530,5D2Team/canon,Canon_Camera,Electronics;Consumer Electronics;Cameras;Canon
Canon Filmmakers Live,16545786,AnthonyQuintano/canon-filmmakers-live,JohnHyland,Electronics;Consumer Electronics;Cameras;Canon
Canon DSLR Photographers,14868005,NYCDSLR/canon-dslr-photographers,JohnHyland,Electronics;Consumer Electronics;Cameras;Canon
canon DSLR Video Shooters,14867998,NYCDSLR/canon-dslr-video-shooters,JohnHyland,Electronics;Consumer Electronics;Cameras;Canon
canon,41019467,Auseize/canon,CanonNews,Electronics;Consumer Electronics;Cameras;Canon
Canon,30766230,csanthosh13/canon,CanonNews,Electronics;Consumer Electronics;Cameras;Canon
canon,25239983,ollijunes/canon,CanonNews,Electronics;Consumer Electronics;Cameras;Canon
Canon,25210424,Yolink/canon,CanonNews,Electronics;Consumer Electronics;Cameras;Canon
Canon,20024699,vgailj/canon,CanonNews,Electronics;Consumer Electronics;Cameras;Canon
Canon,16941283,F4BZ3F4B/canon,CanonNews,Electronics;Consumer Electronics;Cameras;Canon
Canon,15675363,zaphotographer/canon,CanonNews,Electronics;Consumer Electronics;Cameras;Canon
canon,10616394,skybless/canon,tommyshim,Electronics;Consumer Electronics;Cameras;Canon
canon3,19422440,skybless/canon3,Gong6587,Electronics;Consumer Electronics;Cameras;Canon
Canon 5D Mark II,40550622,tzvetelinamusic/canon-5d-mark-ii,planetMitch,Electronics;Consumer Electronics;Cameras;Canon
Canon,32176890,areafotografica/canon,planetMitch,Electronics;Consumer Electronics;Cameras;Canon
Canon Photography,13664367,lifeherenow/canon-photography,planetMitch,Electronics;Consumer Electronics;Cameras;Canon
canon2,15223926,skybless/canon2,munijx,Electronics;Consumer Electronics;Cameras;Canon
canon,41019467,Auseize/canon,CanonAustralia,Electronics;Consumer Electronics;Cameras;Canon
Canon,35409530,5D2Team/canon,CanonAustralia,Electronics;Consumer Electronics;Cameras;Canon
Canon Australia,22244153,sydphotos/canon-australia,CanonAustralia,Electronics;Consumer Electronics;Cameras;Canon
Canon,20024699,vgailj/canon,CanonAustralia,Electronics;Consumer Electronics;Cameras;Canon
Canon,16941283,F4BZ3F4B/canon,CanonAustralia,Electronics;Consumer Electronics;Cameras;Canon
nikon and canon ,8767166,PhotoGear69/nikon-and-canon,CanonAustralia,Electronics;Consumer Electronics;Cameras;Canon
Canon,6070727,RebecaGD/canon,CanonAustralia,Electronics;Consumer Electronics;Cameras;Canon
Canon Specific,5674153,FlowingPhoto/canon-specific,CanonAustralia,Electronics;Consumer Electronics;Cameras;Canon
canon2,15223926,skybless/canon2,vottari,Electronics;Consumer Electronics;Cameras;Canon
canon,41019467,Auseize/canon,CanonUKandIE,Electronics;Consumer Electronics;Cameras;Canon
Canon,35409530,5D2Team/canon,CanonUKandIE,Electronics;Consumer Electronics;Cameras;Canon
canon,30832231,dicamera/canon,CanonUKandIE,Electronics;Consumer Electronics;Cameras;Canon
canon,25239983,ollijunes/canon,CanonUKandIE,Electronics;Consumer Electronics;Cameras;Canon
Canon,20024699,vgailj/canon,CanonUKandIE,Electronics;Consumer Electronics;Cameras;Canon
Canon,6070727,RebecaGD/canon,CanonUKandIE,Electronics;Consumer Electronics;Cameras;Canon
canon,3949507,kukkumo/canon,CanonUKandIE,Electronics;Consumer Electronics;Cameras;Canon
canon5,32533943,skybless/canon5,MelonAB,Electronics;Consumer Electronics;Cameras;Canon
canon,41019467,Auseize/canon,CanonFacts,Electronics;Consumer Electronics;Cameras;Canon
Canon,35409530,5D2Team/canon,CanonFacts,Electronics;Consumer Electronics;Cameras;Canon
canon,30832231,dicamera/canon,CanonFacts,Electronics;Consumer Electronics;Cameras;Canon
canon,25239983,ollijunes/canon,CanonFacts,Electronics;Consumer Electronics;Cameras;Canon
Canon,10334939,broodjebeeld/canon,CanonFacts,Electronics;Consumer Electronics;Cameras;Canon
nikon and canon ,8767166,PhotoGear69/nikon-and-canon,CanonFacts,Electronics;Consumer Electronics;Cameras;Canon
Canon,6070727,RebecaGD/canon,CanonFacts,Electronics;Consumer Electronics;Cameras;Canon
Canon,4335065,martijndebie/canon,CanonFacts,Electronics;Consumer Electronics;Cameras;Canon
canon,4113425,zoque/canon,CanonFacts,Electronics;Consumer Electronics;Cameras;Canon
canon,3949507,kukkumo/canon,CanonFacts,Electronics;Consumer Electronics;Cameras;Canon
Canon_Camera,897996,Crisca/canon-camera,CanonFacts,Electronics;Consumer Electronics;Cameras;Canon
canon,25239983,ollijunes/canon,canonfanatic,Electronics;Consumer Electronics;Cameras;Canon
Canon,16941283,F4BZ3F4B/canon,canonfanatic,Electronics;Consumer Electronics;Cameras;Canon
Canon/photo/learn,10581178,DeeDeKC/canon-photo-learn,canonfanatic,Electronics;Consumer Electronics;Cameras;Canon
canon,8115107,pelengas/canon,canonfanatic,Electronics;Consumer Electronics;Cameras;Canon
Canon Gear,6070798,jonchick/canon-gear,canonfanatic,Electronics;Consumer Electronics;Cameras;Canon
Canon Specific,5674153,FlowingPhoto/canon-specific,canonfanatic,Electronics;Consumer Electronics;Cameras;Canon
Canon-60D-buddies,32203313,michaschmidt/canon-60d-buddies,DeFrees,Electronics;Consumer Electronics;Cameras;Canon
canon,10616394,skybless/canon,Puran2,Electronics;Consumer Electronics;Cameras;Canon
canon,25239983,ollijunes/canon,Canon_HQ,Electronics;Consumer Electronics;Cameras;Canon
Canon,11611536,tom_w/canon,Canon_HQ,Electronics;Consumer Electronics;Cameras;Canon
canon_150,9326886,Canon_PLEX/canon-150,mudkarain,Electronics;Consumer Electronics;Cameras;Canon
canon,10616394,skybless/canon,leebyong,Electronics;Consumer Electronics;Cameras;Canon
canon,41019467,Auseize/canon,CanonEOS7D,Electronics;Consumer Electronics;Cameras;Canon
Canon,31221422,KirAnderson/canon,CanonEOS7D,Electronics;Consumer Electronics;Cameras;Canon
canon,25239983,ollijunes/canon,CanonEOS7D,Electronics;Consumer Electronics;Cameras;Canon
Canon,16392172,g_stamatoukos/canon,CanonEOS7D,Electronics;Consumer Electronics;Cameras;Canon
Canon_7D,8280577,che_epy/canon-7d,CanonEOS7D,Electronics;Consumer Electronics;Cameras;Canon
canon3,19422440,skybless/canon3,Flora_0,Electronics;Consumer Electronics;Cameras;Canon
Canon,20024699,vgailj/canon,Canon_Fanz,Electronics;Consumer Electronics;Cameras;Canon
